PERSON_ID,FIRST_NAME,LAST_NAME,TITLE,COMPANY
0033r00003tENMEAA4,Natalya,Adams,Associate Director,"Take-Two Interactive Software, Inc."
00QVI00000HbVMQ2A3,Bin,Maung,Managing Director,"Freshpet, Inc."
00QVI00000HZipD2AT,Yong,Kim,Director,Costco Wholesale Corporation
00QVI00000HZd2a2AD,Xin,Harris,Sr director field operations and commercial data management,"SkyWest, Inc."
00QVI00000HbNiF2AV,Yu,He,Head of department data science,Genmab A/S
003Do000009njRlIAI,Ali,Kumar,CEO,Lenco
00QVI00000Hbekf2AB,Matt,Baker,Ceo,Cair Health
00Q3r00001V2bwpEAB,Fatima,Cruz,Enterprise Architect Head of Platform Engineering,"Viper Energy, Inc."
00QVI00000HbBSX2A3,Marina,Miller,CEO,Cofactor Genomics
00Q3r00001b8ickEAA,Laura,Wilson,senior director,StoneX Group Inc.
00QVI00000Ha5c52AB,Miguel,Carter,Sr. Vice president Business Technology Liaison,"Casella Waste Systems, Inc."
00QVI00000HaHgU2AV,Roberto,Flores,CEO,Lamin
00QVI00000HaaHj2AJ,Hong,King,Director,CRISPR Therapeutics AG
0033r00003oEeGVAA0,Ling,Allen,Vice President - Data & Analytics,"Airbnb, Inc."
00QVI00000HZgp32AD,Patrick,Garcia,Head of department data science,"J.B. Hunt Transport Services, Inc."
00QVI00000HZd2e2AD,Ghulam,Hall,Head corporate systems compliance data and analytics,Liberty Latin America Ltd.
00QVI00000HZgpO2AT,Qing,Stewart,Head of data strategy,"Roper Technologies, Inc."
00QVI00000Hbfoo2AB,James,Zhang,Director,Concentrix Corporation
003VI000009oORrYAM,Francisco,Cruz,Senior Vice President,JOYY Inc.
00QVI00000HZxhl2AD,Natalya,Lewis,Data Engineering Manager,Universal Display Corporation
00QVI00000HadQt2AJ,Sergey,Walker,Sr.Director IT Solutions,"Mondelez International, Inc."
00QVI00000HZvmS2AT,Mohamed,Wilson,Ceo,Data Mechanics
00QVI00000Hba172AB,Ahmed,Hall,Ceo,Zensors
00QVI00000HakYr2AJ,Pedro,Williams,CEO,Secured
00QVI00000Hbil42AB,Jean,Lu,COO,"Protagonist Therapeutics, Inc."
003Do000009oGRZIA2,Marina,Zhou,Head of Data,Columbia Sportswear Company
00QVI00000HatVg2AJ,John,He,CTO,"Analog Devices, Inc."
00QVI00000HbE2G2AV,Vladimir,Torres,CTO,HUTCHMED (China) Limited
00QVI00000HaZ0h2AF,Jose,Allen,CTO,argenx SE
00QVI00000HawtJ2AR,Victor,Khatun,CŒûO,"Zions Bancorporation, National Association"
00QVI00000Haxav2AB,Carmen,Brown,Founder/CEO,Speak
00QVI00000HbXb72AF,Miguel,Stewart,CTO,Enterprise Financial Services Corp
00QVI00000HaP1M2AV,Joao,Khatun,Product owner,"Rush Enterprises, Inc."
00QVI00000HbRkE2AV,Hassan,Ross,CEO,Swishjam
00QVI00000HbbI92AJ,Richard,Stewart,CEO,Spot Health
00QVI00000HZd2r2AD,Ghulam,Wu,Chief Technology Officer,American Airlines Group Inc.
00QVI00000HafsY2AR,Sri,Thomas,Vice President,TriCo Bancshares
0033r00003v9EtZAAU,Wei,Ali,"Director, Product Management",Xcel Energy Inc.
00QVI00000Ha2hR2AR,Joseph,Li,Co-Founder,Carbon-12 Labs
003VI00000LtnC6YAJ,Anna,Brown,Sr. Director,"Entegris, Inc."
00QVI00000HalTG2AZ,Marie,Martinez,Co-Founder & CEO,Quickcard
00QVI00000HbPTv2AN,Ming,Maung,CEO,Infracost
00QVI00000Hb2aX2AR,Manuel,Martin,Chief Technology Officer,"Agios Pharmaceuticals, Inc."
00QVI00000HZXhB2AX,Ghulam,Reyes,Senior director analytics and data platforms,Appian Corporation
00QVI00000HZgpy2AD,Sergey,Sun,Data and analytics director,Star Bulk Carriers Corp.
00QVI00000HZd2b2AD,Andrey,Walker,Head data and ai,J&J Snack Foods Corp.
003VI00000OuuY2YAJ,Linda,Lin,"Vice President of Software, Data, and AI","Arcutis Biotherapeutics, Inc."
00QVI00000HZXhC2AX,Ping,Jones,Senior director analytics and data platforms,"Vertex, Inc."
00QVI00000HZgpN2AT,Joseph,Luo,Associate director data science and informatics,Check Point Software Technologies Ltd.
00QVI00000DmZjy2AF,Marina,Nelson,COO,"Qorvo, Inc."
00QVI00000HasrK2AR,Mark,Perez,Chief Medical Information Officer. Professor of Clinical Medicine,AdaptHealth Corp.
00QVI00000HZgq02AD,Olga,Myers,Head of process and master data management,Cimpress plc
00QVI00000HbBU92AN,Patricia,Anderson,Head of AI Research,"MARA Holdings, Inc."
00QVI00000HaP1L2AV,Carmen,Collins,"Chief Data Officer, E A To The","F5, Inc."
003VI00000Im3vxYAB,Andrea,Ramirez,Director Data and Advanced Analytics,"Upbound Group, Inc."
00QVI00000HbOeJ2AV,Ling,Long,CEO,Talyn Air
00Q0Z00001Q2LgJUAV,Charles,Green,CEO,Notabene
00QVI00000HbJgD2AV,Martha,He,CEO,Airgoods
003VI00000P0CpjYAF,Jorge,Zhang,"Vice President, ESG Finance","Pulse Biosciences, Inc."
0033r00003woM5QAAU,Qing,Liu,Sr.Director Software Development,Global-E Online Ltd.
00QVI00000HZd2f2AD,Siti,Thomas,Head of data governance data quality and data strategy,Twist Bioscience Corporation
003VI00000OyTKgYAN,Pedro,Wang,CEO,Zeit AI
00QVI00000GMLSq2AP,Charles,Brown,Founder/CEO,Upgraded
00QDo000002okq0MAA,Lin,Roberts,Chief Information Officer EMEA & Asia Pacific,Jamf Holding Corp.
00QVI00000HbLms2AF,Luis,Smith,"VP, Product Development & Data Science","MaxLinear, Inc."
0033r00003vAhbhAAC,Lei,Garcia,Chief Business Innovation Officer,Verint Systems Inc.
003VI00000OchZDYAZ,Francisco,Lewis,Chief Operating Officer,"OneStream, Inc."
00QVI00000HaWFi2AN,Qing,Luo,VP of Engineering,BOK Financial Corporation
00QVI00000HbP0s2AF,Richard,Chen,CEO,FINNY AI
00QVI00000HbYVZ2A3,Rita,Davis,CEO,MarqVision
00QVI00000Ha13q2AB,Min,Nguyen,Sr Director,Mesoblast Limited
003VI00000P3r6GYAR,Thomas,Wright,VP of Data,Ascendis Pharma A/S
00QVI00000HbUmx2AF,Yan,Torres,CEO,Seis
00QVI00000HbBIs2AN,Ying,Clark,"Director, IT Integration","Palo Alto Networks, Inc."
00QVI00000Hb8fx2AB,Nushi,Sun,Head of Solution Architecture,Erie Indemnity Company
00QVI00000HbKHL2A3,Min,Zhou,"Co-owner, CIO",Alliant Energy Corporation
00QVI00000HaX6v2AF,Samuel,Liu,CEO,Pylon
003VI00000EitaOYAR,Michael,Young,Head of FSI,"Schr√∂dinger, Inc."
00QVI000006MXPI2A4,Martha,Kumar,GenAI Engineer,Monster Beverage Corporation
003VI000007LJbVYAW,Mohamed,Ma,President and CEO,"PC Connection, Inc."
00QVI00000HbgmU2AR,Sandra,White,CEO,Metapacket
00QVI00000HZgq12AD,Marie,Ali,Data center and cloud infrastructure director,"Kura Sushi USA, Inc."
00QVI00000HaAQU2A3,Bin,Lu,ceo,Middesk
0033r00003woBGXAA2,Miguel,Lin,Head analytics,Liberty Global Ltd.
00QVI00000HbKcI2AV,Tatyana,Maung,CEO,Lantern
0033r00003w01maAAA,Ibrahim,Xu,Head of Transformation & Senior Advisor to Group CIO,"Vital Farms, Inc."
003VI00000P8Lx0YAF,Francisco,Nguyen,CEO,Nectome
003VI00000P4YHeYAN,Lei,Rivera,CEO,Arylla
00QVI00000HZd2R2AT,Carmen,Liu,Senior manager data engineering,Willis Lease Finance Corporation
003VI00000P8bAVYAZ,Sarah,Foster,CEO,Nexu
003Do00000IjrO4IAJ,Manuel,Yu,CEO,Titan
00Q3r00001T6m2UEAR,Juan,Ross,CTO,"Veritex Holdings, Inc."
00QVI00000Ham7f2AB,Sarah,Adams,Senior Director,"Academy Sports and Outdoors, Inc."
00QVI00000HaHVC2A3,Juan,Parker,Head of Customer Relationships & Analytics,"NetApp, Inc."
00QVI00000HZd2c2AD,Angela,Campbell,Director data engineering and analytics,"Autodesk, Inc."
00QVI00000HZXh82AH,Mark,Scott,Vp data analytics and integration,Methanex Corporation
00QVI00000CldIL2AZ,Angela,Hall,developer,ReNew Energy Global Plc
003Do00000PwuqrIAB,Roberto,Singh,SVP Product,Talen Energy Corporation
003VI00000KNwsbYAD,Matt,King,Director of Insights & Optimization,"CSW Industrials, Inc."
003VI00000KD73PYAT,Patricia,Reyes,AData analyst,NextNav Inc.
0033r00003zQMgCAAW,Matt,Ali,Sales,"Etsy, Inc."
003Do00000Pvlm5IAB,Ahmad,Nguyen,Cybersecurity Assurance Analyst,Prospect Capital Corporation
003VI00000JJN9FYAX,Nushi,Hu,Engineer,"PepsiCo, Inc."
003VI00000JB0wNYAT,Robert,Green,Marketing Manager,City Holding Company
003VI00000JWGGUYA5,Sunita,Stewart,Senior Technical Account Manager,"Lincoln Electric Holdings, Inc."
00QVI00000EO6di2AD,Elena,Perez,Data Engineer,Taboola.com Ltd.
003VI00000JtZ8iYAF,Qing,Reyes,Software engineer,"ICF International, Inc."
003VI00000KWWyxYAH,Anita,Jones,Data Manager Engineer,Fox Corporation
003VI00000Jdj5aYAB,Natalya,Li,Director,"Viper Energy, Inc."
0033r00003hNv8UAAS,Hui,Carter,Dir of Engineering,"Intellia Therapeutics, Inc."
00QVI00000EiLJC2A3,Li,Jiang,VP Development,Bilibili Inc.
003VI00000JQe3iYAD,Peter,Torres,CEO,Pirros
003VI000005PuybYAC,Siti,Rivera,Lead Analyst,Radware Ltd.
003VI00000KWP9VYAX,Andrey,Lu,Enterprise Architecture,The Wendy's Company
0033r00003jnJdDAAU,Nushi,Lu,Technical Architect,"BGC Group, Inc."
003VI00000KV2BjYAL,Barbara,Turner,AI Research Scientist,"Patrick Industries, Inc."
003VI000008dsfEYAQ,Miguel,Foster,Backend Software Engineer,"Krystal Biotech, Inc."
003Do00000IixYpIAJ,Wei,White,DevOps Engineer,Peoples Bancorp Inc.
003Do000007YWobIAG,Ibrahim,Collins,DevOps Engineer,"MaxLinear, Inc."
003Do000007YPJFIA4,Sergey,Devi,Senior Data Engineer,"Entegris, Inc."
003VI00000JRYnTYAX,Yan,Wang,Senior DevOps Engineer,Blueprint Medicines Corporation
003VI00000JRZrcYAH,Mohamed,Devi,Senior Software Quality Assurance Engineer,"Confluent, Inc."
003VI00000JQM8TYAX,Ibrahim,Davis,Sr. Software engineer,"Dyne Therapeutics, Inc."
003VI00000JQzBOYA1,Wei,Campbell,Technology Lead,"Amphastar Pharmaceuticals, Inc."
003VI00000KCsX7YAL,Siti,Yu,Co-founder,GIMO
003VI00000B9Ve9YAF,Olga,Sanchez,Coo,Insulet Corporation
00QVI00000DaArO2AV,Lin,Wilson,Data Analytics,"PayPal Holdings, Inc."
003Do00000PCUnGIAX,Marina,Stewart,Analyst,Dave Inc.
003VI00000KW1lUYAT,Carmen,Li,Vice President,"Blackbaud, Inc."
003VI00000AYmHPYA1,Ibrahim,Lopez,AE,Verona Pharma plc
003VI00000KTOWXYA5,Daniel,Lu,GenAI Engineer,Intuit Inc.
003VI00000KUghSYAT,Min,Parker,Technical Architect,Lamar Advertising Company
0033r00003xvSJSAA2,David,Jiang,Instructor,Nova Ltd.
003VI00000K78yLYAR,Daniel,Ramirez,Lead Geospatial IT,"Olaplex Holdings, Inc."
0033r00003vBAsPAAW,Pedro,Martin,Director of Marketing Data and Reporting Strategy,Karooooo Ltd.
00QVI00000F05qI2AR,Manuel,Smith,Senior Data Product Manager,NVIDIA Corporation
00QDo000003e8pnMAA,Ahmed,Liu,VP Marketing,Elbit Systems Ltd.
0033r00003xuLwqAAE,Linda,Yang,AVP IT,"SkyWest, Inc."
00QDo00000FDncQMAT,Paul,Ramirez,Data architect,SiTime Corporation
003VI00000KWffhYAD,Luis,Gonzales,Senior Data Engineer,"Privia Health Group, Inc."
003VI00000KUjIlYAL,George,Zhang,Software Developer,"Edgewise Therapeutics, Inc."
003VI00000JBJcOYAX,Antonio,Collins,Partner Director,"Exponent, Inc."
003VI000006tn1UYAQ,Pedro,Gomez,Assistant Vice President IT,The Kraft Heinz Company
00QVI0000075XIf2AM,Sunita,Hill,BI / Analyst,Flywire Corporation
003VI00000AnOhlYAF,Nushi,Evans,VP of Partners & BD,"Skyworks Solutions, Inc."
00QVI00000EHx5K2AT,Jose,Maung,Entrepreneur,Regency Centers Corporation
00QDo000003vem8MAA,Nushi,Parker,CDAO,OneSpaWorld Holdings Limited
003Do00000NTQpvIAH,Andrea,Khan,Executive Director,Enterprise Financial Services Corp
00QVI00000D6PU62AN,Linda,Young,Marketing,"Charter Communications, Inc."
003VI00000GttfUYAR,Carlos,Hernandez,"Director, Revenue Intelligence",Tractor Supply Company
00QVI00000EmOkj2AF,Martha,Singh,Chief Revenue Officer,Sportradar Group AG
003VI00000KCARXYA5,Anna,Miller,VP of Data & Business Growth,"Dime Community Bancshares, Inc."
00QVI00000EwmVT2AZ,Patrick,Jiang,Technical Lead,"Tandem Diabetes Care, Inc."
003VI00000KChdbYAD,Charles,Allen,Analytics Product Manager,Arm Holdings plc
003VI00000KUsInYAL,Antonio,Nelson,Marketing Analyst,CorVel Corporation
00Q3r00001T61ToEAJ,Mark,Hill,Director,Adobe Inc.
00QVI00000EYvSi2AL,Yong,Nguyen,Software engineer,"Riot Platforms, Inc."
00QVI00000ElsOI2AZ,Elena,Cruz,Student,"Dorchester Minerals, L.P."
003VI00000KWgezYAD,Martin,Ahmed,Analytics Engineer,"Pulse Biosciences, Inc."
003VI00000KWgeyYAD,Richard,Gomez,BI Director,Playa Hotels & Resorts N.V.
003Do000007YQyuIAG,Joao,Jackson,Sr Director Business Insights,Icahn Enterprises L.P.
0033r00003vBL9XAAW,Andrea,Yang,Analytics Associate IV,"MillerKnoll, Inc."
003VI00000JzgQsYAJ,Andrey,Wilson,Data Scientist,"Hawkins, Inc."
00QVI00000EyAne2AF,Ming,Johnson,Sr Director,Pool Corporation
003Do00000K4MOdIAN,Lei,Xu,Data Scientist II,Symbotic Inc.
00QVI00000EWjbR2AT,Ghulam,Robinson,Data Scientist,"Leonardo DRS, Inc."
00QVI00000EQmtl2AD,Sri,Luo,Data Engineer,BioNTech SE
0033r00003v7qbCAAQ,David,He,Head of DATA,Bicara Therapeutics Inc.
003VI00000KVHM1YAP,Natalya,Zhou,Director Service Lifecycle Management,"Interparfums, Inc."
00QVI000004Ipe52AC,Joseph,Ma,Data & AI Specialist,"Applied Optoelectronics, Inc."
00QVI00000EUwjG2AT,Ping,Mitchell,Senior Sales Engineer,"Trupanion, Inc."
00QVI00000EmlRB2AZ,Rosa,Moore,Solutions Engineer,"CRA International, Inc."
00QVI00000ER20w2AD,Michael,Miller,BI Developer,Patria Investments Limited
003Do00000DxxdDIAR,Richard,Adams,Data Engineer,"O'Reilly Automotive, Inc."
0033r00003vyoSUAAY,Peter,Robinson,DATA ENGINEER,ACV Auctions Inc.
003Do000007bA5ZIAU,Jean,Anderson,Manager,Hut 8 Corp.
003Do000007XuJEIA0,Svetlana,Lu,Manager,"Universal Logistics Holdings, Inc."
0033r00003oENHUAA4,Emmanuel,Brown,Partner,Lattice Semiconductor Corporation
003Do00000PweO1IAJ,Christine,Cruz,Senior BI Developer,Xenon Pharmaceuticals Inc.
003VI00000JzduMYAR,Vladimir,Taylor,Director of Data Science and Analytics,TeraWulf Inc.
003VI00000KUOEHYA5,Andrea,Jones,Dir of Engineering,First Busey Corporation
003VI00000KMGaVYAX,Angela,Sun,Software Engineer,Booking Holdings Inc.
00QVI00000EheOp2AJ,George,Jones,GenAI Engineer,Viatris Inc.
003VI00000IrNfLYAV,Olga,Hernandez,Business Analyst,"Match Group, Inc."
00QVI00000D71j72AB,Victor,Wilson,cto,Liberty Live Group
00QVI00000EqvtN2AR,Hui,Ali,BI Manager,Costco Wholesale Corporation
003VI00000KJVZJYA5,Jean,Ross,Data manager,"ConnectOne Bancorp, Inc."
003Do000007bNByIAM,Sergey,Davis,UTSW,"Arvinas, Inc."
003VI00000JPPbOYAX,Hassan,Scott,Self Employed,"G-III Apparel Group, Ltd."
003VI00000JyirJYAR,Jean,Rodriguez,Senior Security Risk and Compliance Analyst,Baker Hughes Company
003VI00000EtoLtYAJ,Martin,Luo,Data engineer,"Henry Schein, Inc."
00QVI00000AvfWw2AJ,Andrea,Reyes,CEO,Atmos
00QVI00000ERh0n2AD,Ghulam,Myers,Senior Data Engineer,"The Baldwin Insurance Group, Inc."
00QDo000006xDLYMA2,George,Thomas,Director,Liberty Latin America Ltd.
003VI00000KWbXEYA1,Martin,Wright,Data and Information Management,"ACM Research, Inc."
00QVI00000Et1l92AB,Angela,Myers,"Biz Dev, Partnerships",-
003VI00000NSkigYAD,Carlos,Ma,Software Engineer,AAM
00QDo000004MXTXMA4,Ali,Cruz,Data scientist,APSIDE
003VI00000N6bFmYAJ,Vladimir,Liu,Marketing Specialist,Erie Indemnity Company
00QVI00000GkWRu2AN,Li,Zhu,"Dir Tech, Data, Sys","Inter & Co, Inc."
003VI00000LciAYYAZ,Matt,Smith,Data Science Trainee,"10x Genomics, Inc."
003VI00000NVO8rYAH,Wei,Gonzales,Software Engineer,"Distribution Solutions Group, Inc."
0033r00003qoiDEAAY,Carmen,Hu,Software Engineer,"Astera Labs, Inc."
00QVI00000Gjckg2AB,Qing,Torres,Intern,GlobalFoundries Inc.
00Q3r00001YZLp3EAH,Marie,Khan,other,OceanFirst Financial Corp.
00QVI00000GjKJ82AN,Ram,Walker,Safety Consultant,"Take-Two Interactive Software, Inc."
00QVI00000Gjq4U2AR,Michael,Maung,Software Engineer,"Align Technology, Inc."
00QVI00000GkXpN2AV,Sri,Martinez,Staff Software Engineer,Rumble Inc.
00QDo000003knsWMAQ,Perry,Nelson,Data Engineer,"Halozyme Therapeutics, Inc."
00QVI00000Gkg332AB,Richard,Lee,Ad Strategist,Expand Energy Corporation
00QVI00000GjQYE2A3,Patrick,Edwards,Data Engineer,Nordson Corporation
00QVI00000GjXQ12AN,Natalya,Harris,pmm,"BridgeBio Pharma, Inc."
003VI000006776MYAQ,Yan,Ma,Operations,"Steven Madden, Ltd."
00QVI00000Gj8t42AB,George,Myers,Sr MarComms Manager,"Casey's General Stores, Inc."
00QVI0000047oU42AI,Christine,Yu,"Director, Artificial Intelligence & Analytics (Office of the CTO)",Genmab A/S
0033r00003yxDoRAAU,Mohammad,Campbell,Driver,"Enliven Therapeutics, Inc."
00QVI00000GjQTO2A3,Abdul,Miller,Staff DevOps Engineer,Enterprise Financial Services Corp
003VI000009G9mwYAC,Mohammad,Carter,Junior Software Engineer,GCM Grosvenor Inc.
00QVI00000GkSkr2AF,Paul,White,Marketing,Grupo Financiero Galicia S.A.
00QVI00000GiZlf2AF,Siti,Luo,Data Engineer,Criteo S.A.
003VI000001kCC6YAM,Ying,Huang,Data Science,Liberty Live Group
00QVI00000GgxU02AJ,Luis,Cruz,Head of Marketing,Polestar Automotive Holding UK PLC
00QVI00000GjRu62AF,Roberto,Perez,Test,Vodafone Group Public Limited Company
00QVI00000GjklS2AR,Mohamed,Stewart,Decision Support Specialist,"Qualys, Inc."
00QVI000007eJEQ2A2,Daniel,Myers,BI/Analyst,"Avnet, Inc."
00QVI00000GSgAe2AL,Sri,Taylor,Software Engineer,Bruker Corporation
0033r00003pCIDkAAO,Hong,Cruz,Biz Dev,Merus N.V.
00QVI00000Gk93u2AB,James,Torres,Student,Nayax Ltd.
00QVI00000Gjqvi2AB,Hassan,Jimenez,Nobody significant,"Rush Enterprises, Inc."
00Q3r00001cBlNQEA0,Elena,Collins,Principal,"Pulse Biosciences, Inc."
00QVI00000GjzNt2AJ,Mohammad,Maung,Data Engineer,NextNav Inc.
00QVI00000GjgbN2AR,Anna,Mitchell,Lead Content Strategist,"CleanSpark, Inc."
00QVI000005sbiw2AA,Mohammad,Lopez,Software Engineer,Universal Display Corporation
003VI00000ABdwOYAT,Samuel,King,Sr Business Analyst,Jamf Holding Corp.
00QVI000000gzwk2AA,James,Hernandez,Data Engineer,"MercadoLibre, Inc."
00QVI00000DpIt42AF,Min,Jimenez,Business Analyst,Lattice Semiconductor Corporation
003VI00000NTimWYAT,Ghulam,Garcia,Software Engineer,"Kiniksa Pharmaceuticals International, plc"
00QVI00000GkIn82AF,Luis,Sun,Senior Software Developer,"FirstCash Holdings, Inc."
00QVI00000GYLfA2AX,Fatima,Wilson,Pharmacist in Charge,"Interface, Inc."
003VI000001QF7iYAG,Mary,Harris,Secterary,Bank OZK
00QDo0000056IrVMAU,Rita,Smith,Data Analyst,"BridgeBio Pharma, Inc."
003VI000008bv7gYAA,Peter,Luo,Software Engineer,First Busey Corporation
00QDo00000FFPUaMAP,Hassan,Evans,Analista,"Kulicke and Soffa Industries, Inc."
00QVI00000BTOi92AH,Ram,Sun,Application Developer,NA
00QVI00000GOaj52AD,Bin,Lopez,Software Engineer,"Shoe Carnival, Inc."
00QVI00000GNMOQ2A5,Ana,Carter,Data Scients,Nn
00QVI00000Gjd422AB,Irina,Myers,ADVISOR,McGrath RentCorp
00QVI0000051VgL2AU,Yong,Lin,Other,NYU langone
003VI00000AYA8rYAH,Li,Jimenez,Senior Software Developer,GCM Grosvenor Inc.
00QVI00000Gjr5S2AR,Barbara,Phillips,App. Admin,"Qifu Technology, Inc."
00QVI00000GTKBS2A5,Anna,Zhu,Software Engineer,"GoodRx Holdings, Inc."
003VI000006oPZYYA2,Mary,Luo,Senior Event Marketing Manager,"Interparfums, Inc."
00QVI00000GOVuI2AX,Joao,Scott,Technical Lead,Pune
00QVI00000Gjcfq2AB,Olga,Myers,Engineer,PWN
00QVI00000GjlYX2AZ,John,Wilson,SC,"Principal Financial Group, Inc."
00QVI00000Gje8A2AR,Jean,Zhou,Software Engineer,"Surgery Partners, Inc."
003VI00000IpGwRYAV,Juan,Brown,Data Analytics Consultant,"Dollar Tree, Inc."
00QVI00000GjlCr2AJ,Rita,Maung,Emeritus,San Jose State University
00QVI000003i2th2AA,Emmanuel,Khan,Computer engineer,Self
00QVI00000BlHzz2AF,Hong,Ahmed,Data Scientist,"Hope Bancorp, Inc."
00QVI00000GjKJ92AN,Lei,Carter,Analyst,Lattice Semiconductor Corporation
00QVI0000077oYj2AI,Lei,Devi,Physician,"Illumina, Inc."
00QVI00000GjK9S2AV,Barbara,Nelson,Software Engineer,Beam Therapeutics Inc.
003VI00000FyOwUYAV,Ibrahim,Taylor,Sales & Marketing Manager,"Rocket Pharmaceuticals, Inc."
00QVI00000GOytI2AT,Mark,Huang,Software Engineer,"Axcelis Technologies, Inc."
00QVI00000GjV852AF,Anita,Zhang,Product,MakeMyTrip Limited
00QVI00000Gjusv2AB,David,King,Analyst,Rambus Inc.
00QVI00000GjbNB2AZ,Bin,Anderson,Digital manager,Xerox Holdings Corporation
00QVI00000Gk6PN2AZ,Sri,Lee,Graduate Student,University of Illinois Urbana Champaign
00QVI00000Gk7N32AJ,Manuel,Nguyen,Graduate student,University of Illinois-Urbana Champaign
003VI00000AaAccYAF,Sergey,Xu,RA,University of Southern California
00QDo000006gtfzMAA,Min,Lewis,Mgr,Unlimitd
00QVI00000172RA2AY,Marina,Wright,xx,"Grid Dynamics Holdings, Inc."
00QVI000000iIHP2A2,Marina,Li,TA,MYR Group Inc.
003Do00000NS7shIAD,Joseph,Ma,Software Engineer,"Construction Partners, Inc."
00QVI00000GkgB72AJ,Rosa,Singh,DA,"QCR Holdings, Inc."
00QVI000007sKZ12AM,Carmen,Ramirez,Product Manager,Playa Hotels & Resorts N.V.
00QVI0000056hnU2AQ,George,Ali,Data Scientist,"Protagonist Therapeutics, Inc."
00QVI00000HLoPp2AL,John,Khan,"Director, IT","Halozyme Therapeutics, Inc."
00QVI00000HKhgY2AT,Joseph,Lewis,Application Development Lead,J&J Snack Foods Corp.
00QVI00000HbgBN2AZ,Mark,Martin,Director,"Bentley Systems, Incorporated"
00QVI00000DrTil2AF,James,Wang,Founder,Runway
003VI00000P9Q9nYAF,Michael,Khatun,SDE,"Disc Medicine, Inc."
00QVI00000HbVMP2A3,Peter,Harris,Vice President,United Therapeutics Corporation
00QVI00000Hbcsb2AB,Yu,Johnson,Data Science Manager,"Powell Industries, Inc."
00QVI00000HbTir2AF,Charles,Stewart,DCO tech 3,Bumble Inc.
00QVI00000HbTsV2AV,Wei,Robinson,mgfr,"Napco Security Technologies, Inc."
00QVI00000HbdDW2AZ,Abdul,Long,Senior Engineeer,International Bancshares Corporation
00QVI00000Hbgo52AB,Yu,Luo,Startup Founder,Ananya Health
003VI00000P9T65YAF,Jorge,Chen,Senior application support engineer,"Palo Alto Networks, Inc."
003Do00000PA1EvIAL,Yan,Nguyen,Sr. Software engineer,"Array Technologies, Inc."
00QVI00000HLkXX2A1,Ping,Xu,App Dev II,"Itron, Inc."
00QVI00000HMG7a2AH,Siti,Garcia,BA IV,Visteon Corporation
00QVI00000HNkmj2AD,Elizabeth,Jackson,Business Analyst II,Rambus Inc.
00QVI00000HMMeR2AX,Emmanuel,Chen,Business Analyst III,"Gibraltar Industries, Inc."
00QVI00000HN5LN2A1,Natalya,Hernandez,Business Technical Analyst,Atlantica Sustainable Infrastructure plc
00QVI00000HLa1v2AD,Mohamed,Nelson,Data Analyst,Westamerica Bancorporation
00QVI00000HNAGE2A5,Ali,Adams,Data Analyst,"ICU Medical, Inc."
00QVI00000HLk662AD,George,Ma,Data Analyst IV,Nordson Corporation
00QVI00000HMFTF2A5,Mohammad,Huang,Data Engineer,"Wynn Resorts, Limited"
00QVI00000HLqug2AD,Richard,Hu,"Data Technical Analyst, Lead","CG Oncology, Inc."
00QVI00000HLtqv2AD,John,Lee,Lead Analyst,Integral Ad Science Holding Corp.
00QVI00000HLjBf2AL,Laura,Robinson,Lead Data Analyst,Grab Holdings Limited
00QVI00000HLal52AD,Martin,Scott,"Manager, Collections, Billing & Poster, Finance",Grocery Outlet Holding Corp.
00QVI00000HM4hV2AT,Ibrahim,Hu,Project Lead Data Analyst,"CSW Industrials, Inc."
00QVI00000HLdMN2A1,Nushi,Smith,Reinsurance Analyst,Summit Therapeutics Inc.
00QVI00000HMkFK2A1,Lin,Miller,Risk Adjustment Manager,"Nexstar Media Group, Inc."
00QVI00000HM29S2AT,Xin,Nguyen,Senior BTA,"Privia Health Group, Inc."
00QVI00000HMoR02AL,Ahmed,Turner,Senior Business Technical Analyst,"QXO, Inc."
00QVI00000HM4ft2AD,Siti,Mitchell,Senior Cloud Platform Engineer,UMB Financial Corporation
00QVI00000HLsZt2AL,Bin,Torres,Solution Architect,"Longboard Pharmaceuticals, Inc."
00QVI00000HM8YD2A1,Robert,Hill,BA IV,"RadNet, Inc."
00QVI00000HLuwg2AD,Sergey,Martinez,Business Process Excellence / Process Improvement,Forward Air Corporation
00QVI00000HM1DN2A1,Perry,Taylor,Centene Corporation,Oddity Tech Ltd.
00QVI00000HLHYk2AP,Samuel,Robinson,Lead Software Engineer,Gentex Corporation
00QVI00000HM6o92AD,Lei,Jimenez,Sr. Business Analyst,Hamilton Lane Incorporated
003VI00000HHV7HYAX,Victor,Roberts,Data Engineer,"Intuitive Machines, Inc."
003Do00000PtgTVIAZ,Joao,Yu,Architect,"Premier, Inc."
0033r00003vyXdFAAU,Sri,Edwards,Senior Manager,"Mattel, Inc."
00QVI0000080o3R2AQ,Mary,Miller,Tech Lead,"Gibraltar Industries, Inc."
00QVI00000DuBCc2AN,Samuel,Nguyen,Data Engineer,"Paycor HCM, Inc."
00QVI00000Hbgph2AB,Nushi,Li,Cloud Architect,"Apellis Pharmaceuticals, Inc."
00QVI00000HbbIA2AZ,Elizabeth,Ross,Sr. Database and Infrastructure Engineer,"Merit Medical Systems, Inc."
00QVI00000HblNx2AJ,Hong,Miller,National Manager,"Rivian Automotive, Inc."
00QVI00000Hblvp2AB,Patricia,Ross,sr engineering manager,Trimble Inc.
00QVI00000HOSSn2AP,Matt,Huang,Finance manager,"Amphastar Pharmaceuticals, Inc."
00QVI00000HbktK2AR,Jean,Liu,VP,"SoundHound AI, Inc."
00QDo00000ART5NMAX,Marie,Robinson,Head IT,"DocuSign, Inc."
00QVI00000HbYtm2AF,Joseph,Lewis,Project engineer,Symbotic Inc.
00QVI000007dnBg2AI,Hong,Parker,IT Head,Plexus Corp.
00QVI00000HbE2H2AV,Yan,Devi,Co Founder,Faction
00QVI00000Hbcni2AB,Thomas,Jimenez,Senior Engineering Manager,"Virtu Financial, Inc."
00QVI00000Hb13O2AR,Francisco,Zhang,"Manager, Bioinformatics","Dyne Therapeutics, Inc."
00QVI00000HbZEl2AN,Ghulam,Sanchez,Sr. DATA ENGINEER,"BGC Group, Inc."
003VI00000619iXYAQ,Daniel,Turner,AVP Data Engineer,Centessa Pharmaceuticals plc
00QVI00000HbcsY2AR,Wei,Martinez,Principal Consultant,Fox Corporation
00QVI00000HKnVq2AL,Jorge,Lopez,Senior System Engineer,"Extreme Networks, Inc."
00QVI00000HLYWL2A5,Joseph,Anderson,Senior Analyst,Arm Holdings plc
00QVI00000HLvzB2AT,Linda,Lee,Lead data engineer,Patria Investments Limited
00QVI00000HbSy72AF,Ling,Davis,Architect,"Kulicke and Soffa Industries, Inc."
00QVI00000HLjy12AD,Charles,Khatun,ETL Developer,"Cogent Biosciences, Inc."
00QVI00000HOdMb2AL,Ahmad,Wright,Marcviews Networks,Science Applications International Corporation
003VI00000P6XkTYAV,Charles,Williams,CISO,VEON Ltd.
003VI00000P9OKtYAN,Ying,Phillips,Principal DBA,"H&E Equipment Services, Inc."
00QVI0000061scW2AQ,Jorge,Perez,Head of Data and AI,"First Mid Bancshares, Inc."
00QVI00000HbkdC2AR,Fatima,Nguyen,Founder,"Nuanced, Inc."
00QVI00000HbcHS2AZ,Yu,Ma,CEO,Hyper
00QVI00000HbYH42AN,Charles,Sanchez,Head of Product,"S&T Bancorp, Inc."
00Q3r00001XiLHWEA3,Yan,Rivera,VP,"Grand Canyon Education, Inc."
00QVI00000HbbJm2AJ,Ying,Edwards,Director,Xcel Energy Inc.
00QVI00000Hbbja2AB,Ming,Lewis,Technical Architect,Century Aluminum Company
00QDo00000EfQhNMAV,Ana,Miller,Project Manager,"PureCycle Technologies, Inc."
00QVI00000HboC92AJ,Mohammad,Turner,CTO,"CRA International, Inc."
00QVI000007QgTB2A0,Roberto,Brown,Head IT,Rumble Inc.
00QVI00000Hbfjz2AB,George,Green,Data Scientist,"Patterson Companies, Inc."
0033r00003tuGp3AAE,Charles,Reyes,Head of Product,"MKS Instruments, Inc."
00QVI00000HbjSc2AJ,Lei,Anderson,Tech Lead,Stagwell Inc.
00QVI00000HbeG22AJ,David,Long,Manager,"Roper Technologies, Inc."
00QVI00000HbbJn2AJ,Hong,White,Director,1st Source Corporation
00QVI00000HbmFB2AZ,Martha,Khan,CEO,Doppler
00Q3r00001XfGD9EAN,Mohammad,Perez,Program Manager,"Cogent Biosciences, Inc."
00QVI00000Hbc7n2AB,James,Wilson,Manager,XCHG Limited
00QVI00000HbaM72AJ,Barbara,Baker,COO,Merchants Bancorp
00QDo000006gexjMAA,Anna,Myers,Regional IT MANAGER,Fastenal Company
00QVI00000HbY7O2AV,Irina,Sun,Senior Product Manager,"TaskUs, Inc."
00QVI00000Hbhx42AB,Sri,Campbell,Director,Dave Inc.
003VI00000P9PaLYAV,Svetlana,Clark,"2nd VP, IT Finance & Analytics",Alphabet Inc.
00QVI00000HOViP2AX,Joseph,Green,Chief Scientific & Knowledge Officer,Enterprise Financial Services Corp
00QDo0000065YuiMAE,Paul,Hernandez,Startup Founder,Instant Labs
00QVI00000Hbk3h2AB,Jorge,Sun,Data Engineer,"Akamai Technologies, Inc."
00QVI00000HbhCI2AZ,Thomas,Perez,Development Team Lead,Semtech Corporation
00QVI00000HbeCp2AJ,Elizabeth,Sun,AGM Data Scientist,Infinera Corporation
00QVI00000Hbicz2AB,Mario,Ahmed,BI/Analyst,MYR Group Inc.
00QVI00000HbaNh2AJ,Ling,Foster,Owner,NXP Semiconductors N.V.
00QVI00000EmJ6k2AF,Richard,Moore,-,-
00QVI00000AGQsC2AX,David,Adams,Business Analyst,-
00QVI00000EzCKP2A3,Angga,K,IT,-
00QVI00000EzCU22AN,You,are,a,jerk
00QVI00000EzPJD2A3,Yan,Liu,..,..
00QVI00000Ezy452AB,Ahmad,Jiang,Coach,1231002138
00QVI00000F06832AB,Pedro,Martinez,Editor,67post
00QVI00000EztPK2AZ,Siti,Lee,Admin,7736803340
00QVI00000EzdHK2AZ,A,A,A,A
00QVI00000Eziya2AB,Joseph,Maung,A,A
00QVI00000EzpX62AJ,Agent,Panda,Abc,Abc
00QVI00000F0IAn2AN,George,Foster,Test engineer,Ad
003VI00000KQfIdYAL,Lin,Edwards,Synthesizer of souls,Art.com
00QVI00000F04eA2AR,Wei,Smith,Man,B4s
00QVI00000EzJFP2A3,Li,Li,Test,Best
00QVI00000EzZs12AF,Laura,Campbell,retired,bums are us
00QVI00000EzcYC2AZ,Hdhdhs,Jzbzh,Hdhsy,Bzvzv
003VI00000F9A4MYAV,Perry,Khan,Jdjddm,clicks
00QVI00000F07Ls2AJ,Francisco,Lee,Jobtitle,Companyname
00QVI00000EzeGk2AJ,Nushi,Garcia,Minister,computergeek
00QVI00000F0Ay32AF,Hchc,Ycy,Hc,Cyc
00QVI00000Ez5cD2AR,cc,zz,dd,dd
00QVI00000EzDjR2AV,Laura,Perez,Developer,Dxbgamers.com
00QVI00000EzeQH2AZ,Vrvr,Cecw,Fw,Ecec
00QVI00000F07k32AB,Avcgfdst,Ggfd,World CEO and Grand Master,Engineerin
00QVI00000F0FJN2A3,Michael,Jackson,Thriller,Entertainment Inc.
00QVI00000EzQGt2AN,warl0ck,gam3z,CEO,Gam3z Inc
00QVI00000EzZ7L2AV,Ahmed,Martin,Gh,Gh
00QVI00000EzxKr2AJ,B,S,Manager,Gmail
00QVI00000F0Iyn2AF,Ram,King,KAS,GNE
00QVI00000EzlOX2AZ,Lei,Nguyen,GomezGomezGomez,GomezGomez
00QVI00000EzM5C2AV,Paul,Jackson,Driver,Google
00QVI00000EzJX72AN,Olga,Zhao,1234,Growth
00QVI00000Eyt822AB,Carlos,Hall,gta,gsu
00QVI00000Eys5W2AR,Mary,Lee,Superhero‚ôÇÔ∏è HEROIK,HEROIK superhero‚Äç‚ôÇÔ∏è
00QVI00000EzqUh2AJ,Agusk,Djfib,Dhdidi,Ifhdh
00QVI00000F04e62AB,Michael,Adams,Ytf,Ijnmi
003VI00000KQiy0YAD,Juan,Thomas,Influencer,Influence & Co
00QVI00000Ez2sr2AB,John,Cena,cto,Johncena
00QVI00000EzhHi2AJ,Juan,Parker,Bijd,Kijf
00QVI00000Eyxy12AB,Adit SF,SnwnFlke,Manager,Lighty7
00QVI00000EzjoF2AR,Ling,Perez,jefesesde,marxasddes
00QVI00000EyrXk2AJ,Emmanuel,Hall,No,Me
00QVI00000Eyzi72AB,Tatyana,Singh,Me,My
00QVI00000F0BR42AN,Scooby,Doo,Dog,N/A
00QVI00000F06zH2AR,Nushi,Miller,N/A,N/A
00QVI00000Ezrlj2AB,Dummy,Yummy,Na,Na
00QVI00000EzNKc2AN,Dodo,Meme,Na,Na
00QVI00000F0JZt2AN,Thomas,Myers,NA,NA
00QVI00000EzyAU2AZ,Jean,Torres,NA,NA
00QVI00000EzRmP2AV,Matt,Campbell,Student,Na
00QVI00000Ezl222AB,Ling,Ahmed,Student,Nie
00QVI00000F021E2AR,Aleksandr,Gomez,Jw,Nikk
00QVI00000Ezor52AB,Marie,Torres,Students,No
00QVI00000F0LdJ2AV,Sunita,Rodriguez,No found,No found
00QVI00000Eziyc2AB,Linda,Luo,Retired,No name
00QVI00000EzoPe2AJ,Roberto,Hill,Fresher,None
00QVI00000Ezrlq2AB,Wishnot,Tosay,None,None
00QVI00000EyiEE2AZ,Seriously,Nonya,A,Nonya Bidness
00QVI00000EzrnM2AR,Francisco,Nguyen,why@doyouneedit.com,Not applicable
00QVI00000Ezl232AB,Christine,Xu,Na,Ns
00QVI00000EzqUm2AJ,Ana,Jones,Undergraduate,NYC
00QVI00000EzFRu2AN,Christine,Yu,Particulier,Particulier
003VI000007XqwfYAC,Linda,Ross,Data Analytics Head,Personal (bad data)
00QVI00000F08512AB,Jean,Liu,Pooper,Poop Co
00QVI00000EysiI2AR,Sandra,Adams,Se,Ppd
00QVI00000F07Lq2AJ,Ying,Edwards,R,R
00QVI00000Eza052AB,Ram,Green,Retired,Retired
00QVI00000Ez2o12AB,David,Shaw,sa,safgf
00QVI00000F0LdK2AV,Angela,Collins,Ofsnte ges,Samer
00QVI00000F01za2AB,Natalya,Cruz,self,self
00QVI00000EzzzQ2AR,ABC,G,Spoon,Self
00QVI00000EylGv2AJ,Aleksandr,Evans,President,Self
00QVI00000EzEm42AF,V,P,Sm,Sp
00QDo000008YYZhMAO,Charles,Hall,Pm,TEST
00QVI00000EzqUn2AJ,Jose,Wilson,Software developer,Test
00QVI00000EzgdR2AR,Juan,Yu,CEO,The 4GOT10
003VI00000KO3UHYA1,Q,Q,Q,UA
00QVI00000EzY6M2AV,Mario,Lopez,Ierde,Ujerte
00QVI00000EzeGf2AJ,Ghulam,Hu,A,V
00QVI00000EzLvV2AV,Patrick,Martin,Vv,Vv
00QVI00000EzpX02AJ,Micky,Mouse,Top Mouse,Worldwide
00QVI00000Eyxy42AB,Aleksandr,Lin,Abcd,XYZ
00QVI00000HboDl2AJ,William,Jimenez,ab,a
00QVI00000Hba2j2AB,Olga,Thomas,XPTO,ACME
00QVI00000HbEv52AF,Manuel,Khatun,Admin,Afreduc
00QVI00000HbbgL2AR,Robert,Zhou,Ai,Aii
00QVI00000HbKUE2A3,Antonio,Maung,Teacher,Arunika
00QVI00000HbHGD2A3,Ana,Jiang,Sarir,Business
00QVI00000Hbbd82AB,Anita,Scott,Multidimensional coach ( biz/ life),.
00QVI00000Haupu2AB,Matt,Yu,Lead,.
00QVI00000HbAOQ2A3,Antonio,Perez,Test,Cts
00QVI00000HarQg2AJ,Juan,Diaz,Ccoder,DMAHh
00QVI00000HbRcA2AV,Marie,Green,Teacher,DoE
00QVI00000HbVsg2AF,Perry,Jiang,Exports,dlkfn
00QVI00000HbPGz2AN,Bin,Wilson,Teacher,Education
00QDo0000064MHIMA2,William,Sanchez,Self,ESG
003VI00000DM227YAD,Anna,Torres,teacher,Self
00QVI00000HbT4U2AV,Joao,Nelson,Fresher,Fresher
00QVI00000HbUmw2AF,Carlos,Myers,Ggg,Ghhhhh
00QVI00000HbO812AF,Anita,Ramirez,Other,Gii no ubkj
00QVI00000HbB172AF,Natalya,Li,Csr,Hh
00Q3r00001VYRIDEA5,Irina,Allen,Jag,Jag
00QVI00000HbkLR2AZ,Matt,Ali,Uu,Jj
00QVI00000HbAOP2A3,Ming,Hill,None,Jkf
00QVI00000Hbfws2AB,Elena,Flores,"Coach, Author, Speaker",Mywebsite.com
00QVI00000HbOOB2A3,Joseph,Jackson,Jobtitle,Self
00QVI00000HbPaM2AV,BTC,MOON,Investor,Buy my crypto coin!!
00QVI00000HbTkP2AV,Michael,Jackson,Info,Lamam
00QVI00000HbPAb2AN,Miguel,Torres,helper,iggsj
00QVI00000Hbe1X2AR,Charles,Anderson,Lawyer,Law
00QVI00000HbJzZ2AV,Svetlana,Baker,Unemployment,Little ceases
00QVI00000HbBsO2AV,Andrea,Yang,Chat bot builders,Live to dare
00QVI00000Hb9Vb2AJ,Perry,White,Unemployment,Looking for a new position
00QVI00000HbBNj2AN,Jean,Ross,Photographer,NO
00QVI00000HbGDh2AN,Pedro,Hall,Cybersecurity student,hidden
00QVI00000Hb6RH2AZ,Sri,Sanchez,Barber,Barber
00QVI00000Hazch2AB,Ahmed,Devi,Self Employed,Nna
00QVI00000HbYfF2AV,Jorge,Liu,Cde,MT
00QVI000006tcFQ2AY,Perry,Yang,Tech Writer,Multiple
00QVI00000Hb8JO2AZ,Wei,Jimenez,me,myco
00QVI00000HbnzF2AR,David,Lee,N/A,N/A
00QVI00000HbWf52AF,Mark,Nguyen,n/a,n/a
00QVI00000Hb50a2AB,David,Diaz,Student of life,N/A
00QDo000002HfKOMA0,Yong,Baker,N/A,NA
00QVI00000HblxR2AR,Sunita,Walker,Na,Na
00QVI00000HbbjZ2AR,Martha,Zhao,nA,Na
00QVI00000HbhLy2AJ,Siti,Flores,Graphic designer,BOO
00QVI00000HbdYU2AZ,Svetlana,Nguyen,Trabajo,Noname
00QVI00000Hbo0s2AB,Matt,Foster,On Target Copywriting,Self
00QVI00000HbOuQ2AV,Olga,Jiang,admin,phmc
00QVI00000HbI2d2AF,Francisco,Rivera,admin,phmv
00QVI00000HbijS2AR,David,Gomez,Mud shoveller,Poo Productions International
00QVI00000Hbbmn2AB,Marie,Anderson,private,private
00QVI00000Hb9U42AJ,Jorge,Gomez,Occupational therapy,Private use
00QVI00000HbjKX2AZ,Charles,White,Self,Self
00QVI00000HbHGG2A3,Joao,Chen,Self,Self
00QVI00000HbXUi2AN,Charles,Ross,Self Employed,Self employed
00QVI00000Hb1mb2AB,Michael,Thomas,Undergraduate,SMU
00QVI00000HbIaW2AV,Ping,Young,Freelance,Self
00QVI00000HblKk2AJ,Antonio,Guo,TUTOR,Self
00Q0Z00001R0MN8UAN,Bro,Bro,CEBro,Bro Inc
00QVI00000HbIPC2A3,Aleksandr,Zhang,PG Student,Student
00QVI00000HbDSj2AN,Joseph,Stewart,Ta,Ta
0033r00003zP53hAAC,Svetlana,Ross,TARYA,Tarya
00QVI00000Hbgks2AB,Peter,Williams,Gift or regift apt,hahahah
00QVI00000HbTCY2A3,Paul,Zhu,A,Ty
00QVI00000HbF7x2AF,Sri,Roberts,Master student,UBC
00Q3r00001WkjgUEAR,Mohammad,Wang,Teacher,School
00QVI00000Hbb3e2AB,Andrea,Clark,Ecologist,XYZ
00QVI0000059Ute2AE,Jean,Singh,Other,Workshop
00QVI00000HbNgb2AF,Sunita,Baker,ABC,XYZ