"ID","Product Name","Product ID","Reviewer Name","Review Date","Review","Review Sentiment"
"s9xL5cQr","HeatWave Electric Blanket","HWEB-028","Olivia Garcia","2024-02-01","The SnugFit Phone Holder is a must-have for car owners. It keeps my phone secure and easily accessible while driving.",
"t7vN6hYp","SnugFit Phone Holder","SFPH-007","Ryan Scott","2024-02-01","The BrewMaster Cold Brew Maker is a game-changer for my morning routine. Easy to use and makes delicious cold brew coffee.",
"u8hS3jDo","SnugFit Phone Holder","SFPH-007","Liam Thomas","2024-02-01","Another satisfied purchase with the TurboCharge Power Bank. Dependable and fast charging, just what I need for my busy lifestyle.",
"v2gH4kIt","HeatWave Electric Blanket","HWEB-028","Sarah Johnson","2024-02-02","The AquaGlow Smart Water Bottle is genius! It's helped me stay hydrated throughout the day with its handy reminders to drink water.",
"w1jK5bLu","TrueTaste Blender Bottle","TTBB-019","Emily Wilson","2024-02-02","The SoundSoothe White Noise Machine has helped me achieve deeper sleep by masking background noises effectively. Highly recommend it.",
"x0dF9oQw","TrueTaste Blender Bottle","TTBB-019","Emma White","2024-02-02","The AquaGlow Smart Water Bottle has helped me increase my daily water intake significantly. The reminders are very useful.",
"y6sR7wAm","HeatWave Electric Blanket","HWEB-028","Chloe Hall","2024-02-02","CleanSweep Robot Vacuum has made cleaning my home effortless. It navigates around furniture and carpets seamlessly, leaving no dust behind.",
"z4cT8iNv","EnerGym Smart Fitness Band","EGSFB-005","Dylan Walker","2024-02-02","The TurboCharge Power Bank is a reliable backup for keeping my devices charged while on the go. It's compact and holds a lot of power.",
"A3qG5fRp","NovaChill Cooler Bag","NCCB-023","Ava Taylor","2024-02-03","Perfect for picnics and beach days! The NovaChill Cooler Bag keeps drinks and snacks cold for hours.",
"B2vW9uYx","SnugFit Phone Holder","SFPH-007","Ava Martinez","2024-02-03","The ZenAir Aromatherapy Diffuser is a must-have for relaxation. It fills my room with calming scents, helping me unwind after a long day.",
"C7mP1xTz","PowerFlex Resistance Bands","PFRB-015","Ethan Thompson","2024-02-04","AquaFresh Water Filter is a great investment for anyone looking to improve the taste and quality of their tap water.",
"D5fA6tHj","EnerGym Smart Fitness Band","EGSFB-005","Harper Turner","2024-02-04","The GlowGear LED Flashlight is compact yet powerful, making it perfect for outdoor adventures. It's a reliable companion on camping trips.",
"E8iN3dVo","PowerFlex Resistance Bands","PFRB-015","Ava Taylor","2024-02-05","NovaChill Cooler Bag keeps my drinks cold during picnics and beach trips. Spacious and durable, it's a must-have for outdoor enthusiasts.",
"F1hM7gCk","PowerFlex Resistance Bands","PFRB-015","Isabella Rodriguez","2024-02-05","FlexiTrack Exercise Mat provides excellent cushioning for my workouts and stays in place on the floor.",
"G9lF2bVr","HeatWave Electric Blanket","HWEB-028","Daniel Brown","2024-02-06","Finally, I'm getting quality sleep thanks to this memory foam pillow. It provides excellent support for my neck and shoulders.",
"H6tZ4oIn","HeatWave Electric Blanket","HWEB-028","Ethan Wilson","2024-02-06","Used the BlazePro Portable Grill for a camping trip last weekend, and it exceeded my expectations. Cooks evenly and is easy to transport.",
"I4qW5eYb","SnugFit Phone Holder","SFPH-007","Sophia Lee","2024-02-07","Had an amazing camping trip thanks to the SummitPeak Camping Tent. Spacious, easy to set up, and kept us dry during a rainy night.",
"J7rU3iKm","TurboCharge Power Bank","TCPB-010","Zoe Phillips","2024-02-07","I've been sleeping much better since using the SleepEase Memory Foam Pillow. It provides excellent support and alleviates neck pain.",
"K2yG8rQc","TrueTaste Blender Bottle","TTBB-019","Sarah Johnson","2024-02-08","The AquaGlow Smart Water Bottle is a game-changer for keeping track of my hydration. Love the sleek design and easy-to-use features.",
"L0zB6dFv","TrueTaste Blender Bottle","TTBB-019","Harper Turner","2024-02-08","SleepSound Sleep Mask blocks out light effectively for a restful sleep. Comfortable to wear and doesn't press against my eyes.",
"M9cN1oXj","SnugFit Phone Holder","SFPH-007","Ryan Scott","2024-02-08","BioFresh Organic Soap leaves my skin feeling clean and moisturized without any harsh chemicals.",
"N7wL5fTm","SnugFit Phone Holder","SFPH-007","Emily Wong","2024-02-09","Still loving my FlexiFit Adjustable Desk! It's been a few months and it's holding up great. Perfect for my work-from-home setup.",
"O3kS6gPz","NovaChill Cooler Bag","NCCB-023","Jacob Hernandez","2024-02-10","The SoundSoothe White Noise Machine helps me sleep soundly through the night by masking unwanted noises. Highly recommend for light sleepers.",
"P8rQ4fLx","SnugFit Phone Holder","SFPH-007","David Miller","2024-02-10","I can't imagine driving without the SnugFit Phone Holder now. It keeps my phone secure and easily accessible while I'm on the road.",
"Q1uA7dVm","HeatWave Electric Blanket","HWEB-028","Jacob Hernandez","2024-02-10","SleepEase Memory Foam Pillow provides the perfect balance of support and comfort for a good night's sleep.",
"R5vE9hBs","PowerFlex Resistance Bands","PFRB-015","Harper Turner","2024-02-11","Finally, I can sleep without being disturbed by light! The SleepSound Sleep Mask is comfortable and blocks out all light.",
"S0lJ2bZr","EnerGym Smart Fitness Band","EGSFB-005","Chloe Hall","2024-02-12","The FlexiBeam Desk Lamp is stylish and functional. I love the adjustable brightness settings, perfect for late-night work sessions.",
"T9mC3sYv","SnugFit Phone Holder","SFPH-007","Harper Turner","2024-02-12","The ZenAir Aromatherapy Diffuser creates a relaxing atmosphere in my home. The scent is subtle yet effective in reducing stress.",
"U7qG4fRx","TurboCharge Power Bank","TCPB-010","Ava Martinez","2024-02-13","The FlexiBeam Desk Lamp is stylish and functional. Its adjustable brightness levels make it perfect for both work and relaxation.",
"V6zD8oVn","NovaChill Cooler Bag","NCCB-023","Ava Martinez","2024-02-14","I love coming home to clean floors thanks to the CleanSweep Robot Vacuum. It navigates well around furniture and picks up even the tiniest debris.",
"W0iA9sLk","EnerGym Smart Fitness Band","EGSFB-005","Mia Nguyen","2024-02-14","These resistance bands are versatile and effective for home workouts. Love the different resistance levels included in the set.",
"X3tZ5ePc","TurboCharge Power Bank","TCPB-010","Ethan Thompson","2024-02-14","The SleepSound Sleep Mask blocks out light effectively, allowing me to sleep deeply even during daylight hours. It's comfortable to wear.",
"Y8fR6wNm","SnugFit Phone Holder","SFPH-007","Emily Wilson","2024-02-14","Using EcoCycle Reusable Straws has helped me reduce my plastic waste significantly. They're durable and easy to clean.",
"Z5pT2uJo","TrueTaste Blender Bottle","TTBB-019","Benjamin Kim","2024-02-15","The GlowGear LED Flashlight is bright and reliable. Perfect for camping trips or emergencies.",
"a9kX7hGi","NovaChill Cooler Bag","NCCB-023","Benjamin Kim","2024-02-15","Needed a reliable flashlight for hiking and the GlowGear LED Flashlight didn't disappoint. Bright and durable, perfect for outdoor adventures.",
"b3rY1fSx","EnerGym Smart Fitness Band","EGSFB-005","Ryan Scott","2024-02-15","BrewMaster Cold Brew Maker is easy to use and clean. Produces smooth and flavorful cold brew coffee every time",
"c2oM5eBz","HeatWave Electric Blanket","HWEB-028","Ethan Thompson","2024-02-15","The SummitPeak Camping Tent is easy to set up and offers great weather protection. It's spacious enough for a comfortable camping experience.",
"d7lH9iRy","EnerGym Smart Fitness Band","EGSFB-005","Chloe Hall","2024-02-16","Loving the FlexiBeam Desk Lamp on my study desk. Adjustable brightness levels are great for late-night study sessions.",
"e4sL3fUj","EnerGym Smart Fitness Band","EGSFB-005","Benjamin Kim","2024-02-16","I love how compact and powerful the ArcticBlast Portable Fan is. It's been keeping me cool during hot summer days without fail.",
"f0cW6gKx","EnerGym Smart Fitness Band","EGSFB-005","Sarah Johnson","2024-02-16","AeroSwift Running Shoes are comfortable and provide excellent support for my workouts.",
"g9uV4hBm","SnugFit Phone Holder","SFPH-007","Emily Thompson","2024-02-16","The BrewMaster Cold Brew Maker is simple to use and makes delicious cold brew coffee. Highly recommended for coffee enthusiasts.",
"h5jF8iQl","TrueTaste Blender Bottle","TTBB-019","Ethan Wilson","2024-02-18","Perfect for outdoor BBQs! The BlazePro Portable Grill is compact yet powerful, cooks evenly, and is easy to clean.",
"i2nZ1dVm","TrueTaste Blender Bottle","TTBB-019","Ethan Thompson","2024-02-18","With the AquaFresh Water Filter, I no longer need to buy bottled water. It delivers clean and refreshing water right from my tap.",
"j1kM7tWo","EnerGym Smart Fitness Band","EGSFB-005","Ethan Thompson","2024-02-18","This EnerGym Smart Fitness Band is incredible! It accurately tracks my workouts and motivates me to achieve my fitness goals.",
"k4bH2pKc","NovaChill Cooler Bag","NCCB-023","Michael Smith","2024-02-19","The AquaGlow Smart Water Bottle helps me stay hydrated throughout the day. Love the LED feature indicating my water intake.",
"l7yQ8rFn","EnerGym Smart Fitness Band","EGSFB-005","Liam Thomas","2024-02-19","With the CleanSweep Robot Vacuum, cleaning has become hassle-free. It navigates around furniture effortlessly and keeps my floors spotless.",
"m9zN6wTl","TrueTaste Blender Bottle","TTBB-019","Lucas Hall","2024-02-19","I recently used the SummitPeak Camping Tent on a trip, and it held up amazingly well against rain and wind. Spacious and easy to set up.",
"n3cS4tVo","NovaChill Cooler Bag","NCCB-023","Lucas Hall","2024-02-19","I'm impressed by the performance of the BlazePro Portable Grill. It's compact yet powerful, perfect for outdoor grilling adventures.",
"o6wE1sNm","EnerGym Smart Fitness Band","EGSFB-005","Emily Wilson","2024-02-21","These LuxeTech Wireless Headphones are my new favorite accessory. They provide crisp sound quality and are comfortable to wear for long periods.",
"p0xJ9uFc","EnerGym Smart Fitness Band","EGSFB-005","Daniel Brown","2024-02-21","The GlowGear LED Flashlight is a reliable tool for camping and emergencies. It's compact, bright, and has a long battery life.",
"q2rD7fVx","SnugFit Phone Holder","SFPH-007","Sarah Johnson","2024-02-22","SwiftSip Travel Mug keeps my beverages at the perfect temperature for hours. Its spill-proof design makes it ideal for on-the-go use.",
"r5tL4qSm","SnugFit Phone Holder","SFPH-007","Lily Adams","2024-02-22","EcoCycle Reusable Straws are convenient and help reduce plastic waste.",
"s8fP0zKi","SnugFit Phone Holder","SFPH-007","Mia Nguyen","2024-02-23","Still using my PowerFlex Resistance Bands regularly. They've held up well and provide a wide range of resistance for different exercises.",
"t1mG9xHo","TrueTaste Blender Bottle","TTBB-019","Lucas Hall","2024-02-23","The SwiftSip Travel Mug is my daily companion for commuting. Keeps my coffee hot and spill-free, highly recommended.",
"u7aR5yWp","SnugFit Phone Holder","SFPH-007","Chloe Hall","2024-02-24","I love the convenience of the AquaCleanse Water Purifier. It ensures I always have access to clean and great-tasting water at home.",
"v2jT4iXn","PowerFlex Resistance Bands","PFRB-015","Ethan Cooper","2024-02-25","The FlexiFit Adjustable Desk has made working from home much more comfortable. It's sturdy and easy to adjust to the perfect height.",
"w9oB6qGm","TurboCharge Power Bank","TCPB-010","Ethan Thompson","2024-02-25","PowerFlex Resistance Bands are durable and provide a wide range of resistance for my workouts.",
"x6qY9rDp","NovaChill Cooler Bag","NCCB-023","Dylan Walker","2024-02-27","AeroSwift Running Shoes provide the perfect balance of support and flexibility. Comfortable for long runs and stylish too.",
"y3lF5zVo","NovaChill Cooler Bag","NCCB-023","Michael Smith","2024-02-27","These AeroSwift Running Shoes are comfortable and provide excellent support. They've become my go-to shoes for workouts and runs.",
"z8dG1xJm","PowerFlex Resistance Bands","PFRB-015","Ava Martinez","2024-02-28","The CleanSweep Robot Vacuum has made my life so much easier. It's a relief to come home to clean floors without lifting a finger.",
"A1rV7oSk","TurboCharge Power Bank","TCPB-010","Mia Nguyen","2024-02-28","The TurboCharge Power Bank is a lifesaver when I'm on the go. It charges my devices quickly and has a long-lasting battery life.",
"B5hM4nQo","TrueTaste Blender Bottle","TTBB-019","Olivia Garcia","2024-02-28","The EnerGym Smart Fitness Band is intuitive and helps me stay accountable to my fitness goals.",
"C9iU8sLp","TrueTaste Blender Bottle","TTBB-019","Benjamin Kim","2024-02-29","ZenAir Aromatherapy Diffuser has transformed my home into a calming oasis.",
